,address,courseName,uuid
0,沖縄県国頭郡恩納村字冨着1043,PGMゴルフリゾート沖縄,980503
1,沖縄県名護市字安部156-2,カヌチャリゾート　カヌチャゴルフコース,980505
3,沖縄県名護市字喜瀬1107－1,かねひで喜瀬カントリークラブ,985301
6,岩手県一関市萩荘字黒木1-4,一関カントリークラブ,220201
7,岩手県八幡平市大更47-34-2,南部富士カントリークラブ,224101
8,岩手県九戸郡軽米町大字円子2－4－1,ニュー軽米カントリークラブ,221102
13,群馬県渋川市赤城町北赤城山15-64,ノーザンカントリークラブ赤城ゴルフ場,334501
14,群馬県吾妻郡東吾妻町岡崎1301,伊香保ゴルフ倶楽部,330203
15,群馬県高崎市吉井町岩崎2179,サンコー72カントリークラブ,332101
17,群馬県藤岡市下日野字恋の沢1581,グリーンパークカントリークラブ,331304
20,群馬県前橋市富士見町赤城山2036,赤城国際カントリークラブ,330101
21,群馬県高崎市吉井町長根2718,関越ハイランドゴルフクラブ,331101
24,群馬県渋川市伊香保町伊香保654,伊香保カントリークラブ,330201
26,群馬県藤岡市浄法寺2827,上武カントリークラブ,332202
30,群馬県渋川市川島2470-8,伊香保国際カンツリークラブ,330202
33,群馬県太田市西長岡町1524,太田双葉カントリークラブ,330502
37,奈良県天理市山田町888番地,ナパラゴルフクラブ 一本松コース,651502
38,奈良県奈良市荻町709,奈良名阪ゴルフクラブ（旧奈良OGMGC）,656401
39,奈良県天理市福住町7453,春日台カントリークラブ,651101
40,奈良県奈良市下狭川町1824,木津川カントリー倶楽部,651201
41,奈良県奈良市下深川町850-6,奈良若草カントリー倶楽部,654110
43,奈良県奈良市月ケ瀬石打1456,ＫＯＭＡカントリークラブ,651501
46,奈良県吉野郡吉野町色生810-1,グランデージゴルフ倶楽部,651301
50,奈良県五條市今井町1141,奈良カントリークラブ,654102
55,栃木県真岡市三谷827,ゴールデンレイクスカントリークラブ,321503
56,栃木県栃木市皆川城内町2498,大平台カントリークラブ,320503
57,栃木県さくら市穂積533-1,喜連川カントリー倶楽部,321202
58,栃木県鹿沼市西鹿沼町入山1140-2,広陵カントリークラブ,321501
59,栃木県鹿沼市楡木町1475,鹿沼72カントリークラブ,321102
60,栃木県宇都宮市新里町甲1081,TCC　鶴カントリー倶楽部,323302
61,栃木県那須烏山市大桶2401,烏山城カントリークラブ,321105
63,栃木県鹿沼市藤江町1545-2,鹿沼カントリー倶楽部,321101
64,栃木県那須塩原市折戸148,塩原カントリークラブ,322201
65,栃木県芳賀郡茂木町大字下菅又735,関東国際カントリークラブ,321106
66,栃木県栃木市尻内町1757-1,都賀カンツリー倶楽部,323301
67,栃木県宇都宮市上戸祭町3100,宇都宮カンツリークラブ,320301
68,栃木県鹿沼市酒野谷1240,皐月ゴルフ倶楽部鹿沼コース,322101
70,栃木県さくら市鷲宿3880,大日向カントリー倶楽部,320502
71,栃木県日光市長畑4337,サンレイクカントリークラブ,322106
82,栃木県栃木市千塚町561,ゴールド栃木プレジデントカントリークラブ,325303
88,静岡県沼津市足高字尾上441,沼津ゴルフクラブ,444302
89,静岡県湖西市白須賀5739,浜名湖カントリークラブ,445105
90,静岡県富士宮市猪之頭2971,朝霧ジャンボリーゴルフクラブ,440102
91,静岡県富士宮市西山２６６２,富士チサンカントリークラブ,445311
92,静岡県伊豆市大平柿木1190－1,フジ天城ゴルフ倶楽部,440108
93,静岡県静岡市清水区宍原1783-1,富嶽カントリークラブ,445302
94,静岡県伊豆の国市中1613,伊豆にらやまカントリークラブ,440206
96,静岡県御殿場市東山2472,富士カントリークラブ,445306
97,静岡県沼津市宮本字元野512,愛鷹シックスハンドレッドクラブ,440104
100,静岡県伊豆の国市浮橋１１９８,伊豆大仁カントリークラブ,440201
104,静岡県裾野市桃園300,東名カントリークラブ,443501
106,静岡県富士市北松野4222-10,リバー富士カントリークラブ,448201
110,静岡県御殿場市神山1924-2,御殿場ゴルフ倶楽部,441501
114,北海道北広島市島松49－5,札幌国際カントリークラブ島松コース,112104
116,北海道茅部郡森町赤井川252,大沼レイクゴルフクラブ,110512
117,北海道恵庭市盤尻53-2,恵庭カントリー倶楽部,110403
118,北海道旭川市神居町台場326,旭川ゴルフ倶楽部,110103
119,北海道釧路市阿寒町舌辛14番地,阿寒カントリークラブ,110101
120,北海道阿寒郡鶴居村字幌呂59-1,釧路風林カントリークラブ,111303
123,北海道美唄市字茶志内250－1,ゴルフ５カントリー美唄コース （旧アルペンGC美唄）,110112
124,北海道北広島市三島113,クラークカントリークラブ,111304
125,北海道阿寒郡鶴居村下幌呂,釧路カントリークラブ,111301
126,北海道札幌市清田区有明463-7,札幌芙蓉カントリー倶楽部,112114
129,北海道石狩市八幡町高岡地蔵沢360番地,札幌スコットヒルゴルフ倶楽部,110202
135,北海道小樽市銭函3－177,小樽カントリー倶楽部 旧コース,110514
136,北海道上川郡鷹栖町ひばりが丘,セント旭川ゴルフ倶楽部,112401
137,鹿児島県日置市東市来町伊作田6000,チェリーゴルフ鹿児島シーサイドコース,971101
138,鹿児島県姶良市蒲生町米丸2448,蒲生カントリークラブ,971106
141,鹿児島県奄美市名瀬大熊小又346-1,奄美カントリークラブ,970101
143,山梨県南都留郡富士河口湖町船津6236,河口湖カントリークラブ,431102
144,山梨県甲斐市牛句3859,昇仙峡カントリークラブ,432202
146,山梨県北杜市高根町清里3545－5,丘の公園　清里ゴルフコース,430502
149,神奈川県相模原市緑区牧野6977－1,神奈川カントリークラブ,371101
150,神奈川県相模原市緑区牧野14342,相模湖カントリークラブ,372102
151,神奈川県中郡大磯町黒岩169,レイクウッドゴルフクラブ,378401
152,神奈川県愛甲郡愛川町三増2607,東名厚木カントリー倶楽部,373501
154,神奈川県秦野市西田原花見平1400-5,秦野カントリークラブ,375106
155,神奈川県伊勢原市子易132,伊勢原カントリークラブ,370201
156,群馬県富岡市小桑原432,PGM富岡カントリークラブ　ノースコース,338401
157,神奈川県相模原市緑区三ヶ木492,津久井湖ゴルフ倶楽部,373301
158,神奈川県秦野市横野500,大秦野カントリークラブ,370501
160,神奈川県厚木市中荻野字細谷1941-1,中津川カントリークラブ,374102
162,神奈川県厚木市上荻野4088,大厚木カントリークラブ本コース,373101
171,千葉県夷隅郡大多喜町下大多喜2419,大多喜カントリークラブ,350501
172,千葉県市原市古敷谷975,かずさカントリークラブ,351103
173,千葉県勝浦市市野川628,勝浦ゴルフ倶楽部,350505
174,千葉県君津市鹿野山288,鹿野山ゴルフ倶楽部,351107
175,千葉県君津市大坂富士山1639,上総富士ゴルフクラブ,351105
177,千葉県印西市造谷495-2,総武カントリークラブ・北コース,352507
184,石川県羽咋郡宝達志水町米出ワ-1,能登カントリークラブ,554501
185,石川県河北郡津幡町大坪井1番地,石川ゴルフ倶楽部,550201
186,石川県かほく市気屋亥4,金沢カントリー倶楽部,551105
187,石川県金沢市東長江町於1,金沢セントラルカントリー倶楽部,551108
188,石川県羽咋郡志賀町大津峰山5,能登ゴルフ倶楽部,554502
189,石川県金沢市蓮如町丁1,金沢ゴルフクラブ,551107
190,石川県鳳珠郡穴水町麦ヶ浦11-1,ザ・カントリークラブ・能登,552101
191,石川県加賀市永井町79-1（山代山中ゴルフ場）,片山津ゴルフ倶楽部　西コース,551104
196,石川県小松市那谷町5-30,那谷寺カントリー倶楽部,551102
202,石川県加賀市日谷町1,加賀カントリークラブ,551101
207,岡山県真庭市字杉山684,真庭カンツリークラブ,736101
209,岡山県美作市大町878,作州武蔵カントリー倶楽部,732101
211,埼玉県児玉郡神川町大字下阿久原1603-1,埼玉国際ゴルフ倶楽部,342102
212,埼玉県さいたま市西区宝来910,大宮国際カントリークラブ,340502
213,埼玉県比企郡滑川町大字福田4045,高根カントリー倶楽部,343102
214,埼玉県飯能市平松470,久邇カントリークラブ,341301
215,埼玉県川越市古谷本郷865-1,川越グリーンクロス,341105
217,埼玉県さいたま市西区塚本町2-22-1,ノーザンカントリークラブ錦ヶ原ゴルフ場,344501
218,埼玉県東松山市大字大谷4189,川越カントリークラブ,341104
228,埼玉県比企郡滑川町中尾1185,おおむらさきゴルフ倶楽部,340508
232,福井県敦賀市みどりヶ丘町165,敦賀国際ゴルフ倶楽部,563301
233,福井県福井市三十八社町32-20-1,杉ノ木台ゴルフクラブ,562301
234,福井県三方上中郡若狭町新道9-3,わかさカントリー倶楽部,569101
237,福井県あわら市柿原66,福井国際カントリークラブ,565302
242,広島県三原市長谷町291,京覧カントリークラブ,741201
244,広島県三次市糸井町大山1411,富士三次カントリークラブ,745303
246,広島県廿日市市友田220-3,広島紅葉カントリークラブ,742202
247,広島県三原市久井町吉田735-32,尾道ゴルフ倶楽部,740504
249,大阪府堺市南区豊田2989-16,堺カントリークラブ,632101
250,大阪府泉佐野市日根野5320,泉佐野カントリークラブ,630203
252,大阪府交野市私市3008-1,きさいちカントリークラブ,631201
253,大阪府南河内郡千早赤阪村水分1170,グロワールゴルフ倶楽部,631102
254,大阪府岸和田市大沢町2489-5,岸和田カントリー倶楽部,631202
256,大阪府堺市南区豊田2990-226,泉ヶ丘カントリークラブ,630202
257,大阪府茨木市宿久庄98,茨木国際ゴルフ倶楽部,630206
258,大阪府池田市畑3-11,PGM池田カントリークラブ,630201
267,島根県浜田市金城町今福1502-2,金城カントリークラブ,721101
268,島根県出雲市湖陵町大池1944,いづも大社カントリークラブ,720202
271,愛媛県新居浜市萩生字河ノ北129-1,滝の宮カントリークラブ,833101
273,三重県鈴鹿市東庄内町字上宮代1447,中日カントリークラブ,533201
274,三重県名張市薦生大峯1116-3,グリーンハイランドカントリー倶楽部,531301
275,三重県伊賀市田中1029,名阪チサンカントリークラブ,536402
276,三重県津市白山町三ケ野1335番地,榊原ゴルフ倶楽部,532104
278,三重県いなべ市藤原町上相場640-7,藤原ゴルフクラブ,535302
286,愛知県豊川市平尾町木崩61-27,平尾カントリークラブ,515202
287,愛知県北設楽郡設楽町東納庫字丸根,名倉カントリークラブ,514106
288,愛知県新城市一鍬田字赤座ヶ入1-1,新城カントリー倶楽部,512204
290,愛知県豊田市浅谷町平柴20-1,ゴルフ倶楽部大樹　旭コース（旭CC）,510103
292,愛知県知多郡武豊町富貴,知多カントリー倶楽部,513201
293,愛知県名古屋市緑区鳴海町字横吹51,鳴海カントリークラブ,514104
295,愛知県西尾市吉良町乙川北大山31,吉良カントリークラブ,511201
304,宮崎県宮崎市佐土原町下田島6634-1,宮崎国際ゴルフ倶楽部,966204
305,宮崎県東諸県郡国富町大字三名六ツ野原,宮崎ゴルフ倶楽部,966205
306,宮崎県宮崎市大字塩路字浜山3083,フェニックスカントリークラブ,965301
310,鹿児島県霧島市牧園町高千穂3311,霧島ゴルフクラブ,971201
312,富山県射水市平野1,太閤山カントリークラブ,543103
313,富山県射水市浄土寺1,小杉カントリークラブ,541501
316,富山県小矢部市蓑輪千羽山24,千羽平ゴルフクラブ,542401
319,岐阜県中津川市蛭川5735-3,明智ゴルフ倶楽部 ひるかわゴルフ場,525307
321,岐阜県岐阜市奥475,岐阜北カントリー倶楽部,521203
322,岐阜県瑞浪市陶町猿爪1030番地,クラウンカントリークラブ,521302
323,岐阜県可児市大森1501,愛岐カントリークラブ,520101
325,岐阜県恵那市明智町吉良見字西山980－2,明智ゴルフ倶楽部明智ゴルフ場,525301
326,岐阜県郡上市高鷲町鷲見2363,デイリー郡上カントリー倶楽部,521301
327,岐阜県加茂郡川辺町鹿塩字白砂1168,明智ゴルフ倶楽部かしおゴルフ場,525306
328,岐阜県恵那市長島町中野1269-51,恵那峡カントリークラブ,520401
337,和歌山県有田郡有田川町大字釜中423-12,有田東急ゴルフクラブ,660102
338,和歌山県紀の川市桃山町調月2506,紀の国カントリー倶楽部,661206
340,和歌山県橋本市隅田町下兵庫1123,橋本カントリークラブ,665101
344,和歌山県日高郡日高川町佐井 694,レオグラードゴルフクラブ,663501
345,和歌山県有田郡有田川町上六川542,海南高原カントリークラブ,661101
347,滋賀県東近江市石塔町983-150,名神八日市カントリー倶楽部,616401
348,滋賀県大津市大石淀町800番地,大津カントリークラブ東コース,610504
349,滋賀県大津市大石會束町525,京阪カントリー倶楽部,611402
353,京都府宇治市五ヶ庄広岡谷4,宇治カントリークラブ,620301
354,滋賀県蒲生郡日野町大字中山,蒲生ゴルフ倶楽部,611101
355,滋賀県守山市木浜町2300,琵琶湖レークサイドゴルフコース,615203
357,滋賀県蒲生郡日野町大字中山,◆蒲生ゴルフ倶楽部◆,611102
361,香川県さぬき市寒川神前647-16,アルファ津田カントリークラブ,823103
362,香川県三豊市高瀬町羽方2862,琴平カントリー倶楽部,821501
363,香川県さぬき市小田231,志度カントリークラブ,822201
365,香川県坂出市府中町4628-1,坂出カントリークラブ,822102
366,香川県仲多度郡まんのう町中通129-1,サンライズヒルズカントリークラブ,822401
371,山口県柳井市日積12372-1,柳井カントリー倶楽部,757101
372,山口県周南市大字長穂1415,徳山カントリークラブ,753502
373,山口県周南市四熊1192,徳山国際カントリー倶楽部,753503
376,山口県山陽小野田市山野井東2039-19,プレジデントカントリー倶楽部山陽,755302
378,京都府綴喜郡宇治田原町奥山田長尾31-2,宇治田原カントリー倶楽部,620302
379,京都府相楽郡南山城村南大河原新林,レイクフォレストリゾート　バードスプリングコース,628401
381,京都府舞鶴市栃尾小字細野924-1,舞鶴カントリークラブ,626101
383,京都府相楽郡南山城村大字南大河原小字新林7-3,レイクフォレストリゾート センチュリーコース,628402
390,長野県上田市藤原田1038－1,上田丸子グランヴィリオゴルフ倶楽部,422205
391,長野県塩尻市大字北小野4956,塩嶺カントリークラブ,422203
395,長野県佐久市大字協和3491-280,サニーカントリークラブ,422102
396,長野県茅野市豊平字東嶽10289,三井の森蓼科ゴルフ倶楽部,426201
397,長野県茅野市北山4035,蓼科高原カントリークラブ,423103
402,兵庫県川辺郡猪名川町杉生,関西軽井沢ゴルフ倶楽部,641103
403,兵庫県三木市吉川町湯谷567,関西クラシックゴルフ倶楽部,641104
404,兵庫県三田市大川瀬1461,三田レークサイドカントリークラブ,642106
405,兵庫県宝塚市下佐曽利字大谷4-12,旭国際宝塚カンツリー倶楽部,640107
407,兵庫県宝塚市切畑字長尾山5-3,愛宕原ゴルフ倶楽部,640111
408,兵庫県神戸市北区長尾町宅原大味谷1706,北神戸ゴルフ場,641501
414,宮城県遠田郡涌谷町小塚字桜清水ニ16,宮城カントリークラブ,236201
415,宮城県大崎市三本木町伊場野字中の坊3,大崎ゴルフ倶楽部,232101
416,宮城県亘理郡山元町坂元字渋沢43,宮城野ゴルフクラブ,236202
417,宮城県仙台市泉区実沢字中山南25－5,仙台ヒルズゴルフ倶楽部,234203
419,宮城県仙台市青葉区芋沢字横向山33,西仙台カントリークラブ,234201
421,宮城県柴田郡柴田町大字船迫字日光48,表蔵王国際ゴルフクラブ,230501
427,福岡県那珂川市後野571,筑紫ヶ丘ゴルフクラブ,913201
428,福岡県小郡市三沢1788,小郡カンツリー倶楽部,910501
429,福岡県朝倉郡筑前町大字曽根田141-26,夜須高原カントリークラブ,917101
430,福岡県飯塚市鹿毛馬412-6,北九州カントリー倶楽部,911201
431,福岡県宮若市倉久１－３,ザ・クラシックゴルフ倶楽部,912102
433,福岡県那珂川市大字埋金5,大博多カントリー倶楽部,913101
434,福岡県朝倉市板屋1-1,福岡センチュリーゴルフ倶楽部,915306
435,福岡県遠賀郡遠賀町虫生津,チサンカントリークラブ遠賀,913203
436,福岡県嘉穂郡桂川町大字吉隈120,麻生飯塚ゴルフ倶楽部,910102
442,福岡県福岡市早良区大字小笠木103-1,セブンミリオンカントリークラブ,912401
451,徳島県阿波市土成町秋月字明月176－1,Ｊクラシックゴルフクラブ,812203
452,新潟県胎内市荒井浜528番地3,日本海カントリークラブ,414204
453,新潟県北蒲原郡聖籠町東港2-160-6,新潟サンライズゴルフコース,414202
454,新潟県東蒲原郡阿賀町石戸４７２０,阿賀高原ゴルフ倶楽部,410103
460,福島県東白川郡棚倉町大字仁公儀字川原田286,棚倉田舎倶楽部,263103
461,福島県伊達市霊山町下小国字東海間入23,パーシモンカントリークラブ,265101
462,福島県いわき市小名浜上神白字東大沢1-44,小名浜カントリー倶楽部,260501
463,福島県西白河郡西郷村大字熊倉字雀子山3,グランディ那須白河ゴルフクラブ,262103
464,福島県須賀川市塩田字宮田1,宇津峰カントリークラブ,260303
465,福島県いわき市平沼ノ内字町田279-1,塩屋崎カントリークラブ,262201
466,福島県安達郡大玉村玉井字北上台25,大玉カントリークラブ,260503
470,福島県須賀川市守屋字南高松22-35,ローレルバレイカントリークラブ,268501
479,熊本県熊本市南区城南町藤山1660,くまもと城南カントリークラブ(城南GC),942202
480,熊本県阿蘇市赤水1815-1,あつまる阿蘇赤水ゴルフ倶楽部,940101
481,熊本県阿蘇郡産山村大字大利630,阿蘇やまなみリゾートホテル＆ゴルフ倶楽部,940104
483,熊本県球磨郡錦町大字木上１番地,球磨カントリー倶楽部,941301
486,熊本県荒尾市大字下井手水洗1308,グリーンランドリゾートゴルフコース,946201
489,熊本県菊池市原4456,菊池高原カントリークラブ,941203
493,長崎県諫早市森山町唐比北1118,チサンカントリークラブ森山,933201
494,長崎県佐世保市知見寺町1410,佐世保カントリー倶楽部石盛岳ゴルフコース,932102
495,長崎県佐世保市口の尾町1589,佐世保国際カントリー倶楽部,932103
499,茨城県かすみがうら市田伏5136,かすみがうらｺﾞﾙﾌｸﾗﾌﾞ（旧かすみがうらOGMGC）,311303
500,茨城県常陸大宮市国長2408-1,カバヤゴルフクラブ,312205
501,茨城県稲敷市岡飯出1148,桜ゴルフ倶楽部,312101
503,茨城県水戸市杉崎町1916-1,浅見ゴルフ倶楽部,310101
504,茨城県笠間市小原2811,桜の宮ゴルフ倶楽部,312102
506,茨城県常陸太田市田渡町823-11,グランドスラムカントリークラブ,311301
508,茨城県常陸大宮市北塩子５３３,ゴルフ倶楽部セブンレイクス,311501
509,茨城県笠間市南吉原890,カントリークラブ ザ・レイクス,311108
516,大分県竹田市久住町大字白丹3866番地,久住高原ゴルフ倶楽部,951302
517,大分県杵築市山香町久木野尾1753-4,別府ゴルフ倶楽部,955402
518,大分県別府市大字別府枝郷,別府の森ゴルフ倶楽部,955403
523,高知県安芸郡芸西村西分甲5207,Ｋｏｃｈｉ黒潮カントリークラブ,841503
524,高知県香南市夜須町手結山668,土佐カントリークラブ,843501
0,沖縄県宮古島市下地字与那覇1591-1,エメラルドコーストゴルフリンクス,980401
1,沖縄県中頭郡西原町字桃原109,沖縄カントリークラブ,980502
2,沖縄県糸満市字新垣762,パームヒルズゴルフリゾートクラブ,985101
3,沖縄県中頭郡中城村字登又６０番地,オーシャンキャッスルカントリークラブ,984102
4,沖縄県国頭郡本部町字崎本部5151,ベルビーチゴルフクラブ,985401
5,沖縄県国頭郡今帰仁村字呉我山654-32,オリオン嵐山ゴルフ倶楽部,980101
6,沖縄県南城市知念知名1029,守礼カントリークラブ,982201
7,沖縄県国頭郡恩納村字安富祖1577,美らオーチャードゴルフ倶楽部,983101
8,佐賀県唐津市七山白木2403－3,福岡セヴンヒルズゴルフ倶楽部,922103
9,佐賀県唐津市菅牟田64-1,唐津ゴルフ倶楽部,921101
10,佐賀県佐賀市富士町大字上熊川691,フジカントリークラブ,925302
11,佐賀県杵島郡江北町大字山口花祭7020,花祭ゴルフ倶楽部,925101
12,佐賀県武雄市西川登町小田志18356,武雄嬉野カントリークラブ,923102
13,佐賀県佐賀市大和町大字川上5576,大和不動カントリー倶楽部,927101
14,佐賀県唐津市相知町相知2548-1,佐賀ロイヤルゴルフクラブ,922102
15,佐賀県武雄市若木町大字本部1939-1,若木ゴルフ倶楽部,929101
16,佐賀県佐賀市三瀬村杠609,北山カントリー倶楽部,925501
17,佐賀県鳥栖市村田町朝日986,ブリヂストンカンツリー倶楽部,925301
18,佐賀県三養基郡みやき町白壁2785,佐賀カントリー倶楽部,922101
19,佐賀県多久市北多久町小待2318-1,天山カントリークラブ　本コース,923401
20,佐賀県武雄市北方町大字志久3487,武雄ゴルフ倶楽部,923103
21,佐賀県多久市西多久町大字板屋60-1,佐賀クラシックゴルフ倶楽部,922104
22,佐賀県神埼市神埼町大字尾崎3617-1,日の隈カンツリークラブ,925201
23,徳島県阿波市土成町秋月字明月176－1,Ｊクラシックゴルフクラブ,812203
24,徳島県徳島市入田町月の宮227,徳島カントリー倶楽部 月の宮コース,813501
25,徳島県鳴門市瀬戸町北泊字北泊529-1,鳴門カントリークラブ,814101
26,徳島県鳴門市北灘町折野字大川筋182,グランディ鳴門ゴルフクラブ36,812401
27,徳島県阿南市橘町江ノ浦88,阿南カントリークラブ,810101
28,徳島県板野郡上板町引野字安楽寺谷90-10,御所カントリークラブ,811501
29,徳島県阿波市阿波町北山10番地,タカガワ西徳島ゴルフ倶楽部,812202
30,徳島県三好市山城町大和川652,レオマ高原ゴルフ倶楽部,818401
31,徳島県美馬市穴吹町穴吹岡の上200番地,四国カントリークラブ,812201
32,徳島県徳島市北田宮2－13－32,徳島ゴルフ倶楽部 吉野川コース,813502
33,徳島県名西郡神山町阿野字歯ノ辻499,タカガワ東徳島ゴルフ倶楽部,813503
35,徳島県徳島市加茂名町東名東山99,眉山カントリークラブ,815201
36,宮城県刈田郡蔵王町大字円田字土浮山2－132,宮城蔵王カントリークラブ,236203
37,山形県北村山郡大石田町大字今宿874-1,大石田ゴルフクラブ（OISHIDA GOLF CLUB）,250501
38,山形県東置賜郡川西町大字上小松江ノ口澤5163,山形南カントリークラブ,257101
39,山形県天童市大字川原子4278-103,天童カントリークラブ,253401
40,山形県東田川郡庄内町狩川字小堤8－21,庄内ゴルフ倶楽部（マーブ月山ＧＣ）,256101
41,東京都昭島市つつじが丘1-1-7,昭和の森ゴルフコース,362202
42,東京都北区浮間2-18-7,赤羽ゴルフ倶楽部,360101
43,東京都八王子市大船町620,相武カントリー倶楽部,362501
44,東京都町田市下小山田町1668,東京国際ゴルフ倶楽部,363502
45,東京都八王子市宮下町656,武蔵野ゴルフクラブ,366301
46,岩手県岩手郡岩手町一方井17-24-1,岩手沼宮内カントリークラブ,220203
48,岩手県紫波郡紫波町土館字馬ノ子1－1,岩手ゴルフ倶楽部,220202
49,群馬県桐生市新里町赤城山字舟原1113,桐生カントリークラブ,331201
50,群馬県藤岡市高山169-1,ツインレイクスカントリー倶楽部,333303
51,群馬県安中市下秋間4385,下秋間カントリークラブ,332201
52,群馬県太田市北金井町903,鳳凰ゴルフ倶楽部,335501
54,群馬県桐生市新里町高泉531-2,赤城カントリー倶楽部,330103
55,群馬県吾妻郡高山村中山6852-1,高山ゴルフ倶楽部,333105
56,群馬県高崎市中室田町3801,JGMベルエアゴルフクラブ（ベルエアCC）,335401
57,群馬県藤岡市白石2925,藤岡ゴルフクラブ,335301
58,群馬県渋川市横堀1676,白水ゴルフ倶楽部,332209
59,群馬県藤岡市三本木1039,メイレイクヒルズカントリークラブ,336201
60,群馬県佐波郡玉村町大字川井1065-1,新玉村ゴルフ場,332206
61,群馬県吾妻郡長野原町北軽井沢2032－16,プレジデントカントリー倶楽部軽井沢,335305
62,群馬県藤岡市下日野乙239,緑野カントリークラブ,336205
63,群馬県沼田市白沢町上古語父2440,初穂カントリークラブ,335103
64,群馬県富岡市下丹生914,富岡ゴルフ倶楽部,333501
65,群馬県渋川市赤城町南赤城山400,赤城ゴルフ倶楽部,330102
67,群馬県甘楽郡甘楽町天引1955,甘楽カントリークラブ,331102
68,群馬県富岡市妙義町菅原2678,妙義カントリークラブ,336204
69,群馬県甘楽郡甘楽町小幡1535,小幡郷ゴルフ倶楽部,330503
70,群馬県前橋市川原町1-42-4,前橋ゴルフ場,336101
71,群馬県吾妻郡高山村大字中山6860-1,ノーザンカントリークラブ上毛ゴルフ場,334502
72,群馬県吾妻郡嬬恋村大前細原2277,プリンスランドゴルフクラブ,335302
73,奈良県奈良市平清水町85,新奈良ゴルフ倶楽部,654104
74,奈良県宇陀市室生向渕2248,ムロウ３６ゴルフクラブ,656301
75,奈良県吉野郡大淀町大岩66-1,奈良ロイヤルゴルフクラブ,654108
76,奈良県吉野郡大淀町馬佐634,よしのカントリー倶楽部,657501
77,奈良県天理市苣原町福ヶ谷793,天理ゴルフ倶楽部,653402
78,奈良県宇陀市大宇陀区岩清水23,宇陀カントリークラブ,650301
79,奈良県天理市山田町1211,八重桜カントリークラブ,657101
80,奈良県宇陀市大宇陀栗野1035-1,阿騎野ゴルフ倶楽部,650103
81,奈良県奈良市八島町470,奈良万葉カンツリー倶楽部,654107
82,奈良県奈良市忍辱山町1735番地,奈良の杜ゴルフクラブ,654109
83,奈良県五條市木ノ原町963,シプレカントリークラブ,652201
85,奈良県奈良市大柳生町4800,奈良柳生カントリークラブ,654111
86,奈良県生駒郡斑鳩町三井1052,法隆寺カントリー倶楽部,655501
87,奈良県天理市福住町1123,ヤマトカントリークラブ,657102
88,奈良県吉野郡大淀町今木1004-71,花吉野カンツリー倶楽部,655101
89,奈良県山辺郡山添村大字切幡1424,万壽ゴルフクラブ,656101
90,栃木県大田原市大神633,千成ゴルフクラブ,322402
91,栃木県佐野市船越町2854番地,太平洋クラブ佐野ヒルクレストコース,325206
92,栃木県佐野市赤見町5170,佐野ゴルフクラブ,322103
93,栃木県鹿沼市楡木町1475,鹿沼72カントリークラブ,321102
94,兵庫県加古川市志方町野尻808-1,城山ゴルフ倶楽部,642201
95,栃木県鹿沼市下久我1820,鹿沼プレミアゴルフ倶楽部,321302
96,栃木県日光市塩野室町1863,杉ノ郷カントリークラブ,322301
97,栃木県宇都宮市冬室町1039－3,イーストウッドカントリークラブ,320201
98,栃木県塩谷郡高根沢町亀梨630,東雲ゴルフクラブ,322202
99,栃木県矢板市成田1625-1,アローエースゴルフクラブ,320104
100,栃木県芳賀郡茂木町深沢2120,希望丘カントリークラブ,321204
101,栃木県宇都宮市上横倉町1000,サンヒルズカントリークラブ,322108
103,栃木県小山市喜沢1140,小山ゴルフクラブ,320504
104,栃木県宇都宮市横山町1304,JGM宇都宮ゴルフクラブ,320307
106,栃木県足利市田島町字坊之入2127-1,足利城ゴルフ倶楽部,320103
107,栃木県佐野市岩崎町1616,ゴールド佐野カントリークラブ,320306
108,栃木県鹿沼市藤江町1545-2,鹿沼カントリー倶楽部,321101
109,栃木県佐野市飛駒6380,足利カントリークラブ 多幸コース,320108
110,栃木県佐野市岩崎町1975,唐沢ゴルフ倶楽部 三好コース,321104
111,栃木県佐野市船越町3183,皐月ゴルフ倶楽部佐野コース,322102
112,栃木県那須郡那珂川町片平914,ジュンクラシックカントリークラブ,322204
113,栃木県栃木市細堀町376,栃木ヶ丘ゴルフ倶楽部,323510
114,栃木県鹿沼市深程1482,鷹ゴルフ倶楽部,323102
115,栃木県足利市駒場町1234,東松苑ゴルフ倶楽部,323508
0,京都府南丹市日吉町保野田池ヶ谷1,クラウンヒルズ京都ゴルフ倶楽部,624203
1,京都府亀岡市西別院町柚原東深谷9番地,関西カントリークラブ,621104
2,京都府木津川市加茂町高去花原7,加茂カントリークラブ,621102
4,京都府船井郡京丹波町実勢上ノ谷4-1,グランベール京都ゴルフ倶楽部,621302
6,京都府城陽市寺田奥山1-48,東城陽ゴルフ倶楽部,625201
7,京都府亀岡市曽我部町犬飼大杉霊仙ヶ岳1,れいせんゴルフ倶楽部,624202
8,京都府船井郡京丹波町大朴皿引１,瑞穂ゴルフ倶楽部,626203
9,京都府亀岡市東別院神原,亀岡カントリークラブ,621101
10,京都府宮津市下世屋303,宮津カントリークラブ,626202
11,京都府木津川市鹿背山,美加ノ原カンツリークラブ,626201
12,京都府相楽郡南山城村大字田山谷尾112-10,月ヶ瀬カントリークラブ,623301
13,京都府福知山市字畑中194,福知山カントリー倶楽部,625301
14,京都府京都市北区上賀茂本山,京都ゴルフ倶楽部上賀茂コース,621203
15,京都府相楽郡和束町湯船字中ノ谷199,協和ゴルフクラブ,621205
16,京都府京都市左京区大原古知平町345,京都大原パブリックコース,621201
17,京都府京丹後市久美浜町湊宮,久美浜カンツリークラブ,621301
18,京都府船井郡京丹波町字上野41－6,太閤坦カントリークラブ,623101
19,京都府相楽郡笠置町笠置東山33,かさぎゴルフ倶楽部,621106
20,長野県北佐久郡立科町茂田井211,立科ゴルフ倶楽部,423105
21,長野県伊那市西箕輪3350,信州伊那国際ゴルフクラブ,422202
23,長野県諏訪郡富士見町境広原12067,富士見高原ゴルフコース,425301
24,長野県茅野市豊平字東嶽4734-3888,フォレストカントリークラブ三井の森,425302
25,長野県千曲市八幡２,千曲高原カントリークラブ,423201
26,長野県下伊那郡高森町山吹6955-23,高森カントリークラブ,423106
27,長野県茅野市豊平7702,鹿島南蓼科ゴルフコース,421101
28,長野県北佐久郡御代田町豊昇1454,グランディ軽井沢ゴルフクラブ　森泉コース,421111
29,長野県北佐久郡軽井沢町発地南軽井沢,軽井沢72ゴルフ東コース,421104
30,長野県佐久市協和3597-27,望月東急ゴルフクラブ,426502
31,長野県伊那市高遠町藤沢7051-11,中央道晴ヶ峰カントリー倶楽部,423202
32,長野県長野市信更町田野口3956,ウィーゴカントリー倶楽部,422207
33,長野県北佐久郡軽井沢町南ヶ丘3000,軽井沢ゴルフ倶楽部,421102
34,長野県下伊那郡阿智村浪合153,あららぎカントリークラブ,420106
35,長野県下伊那郡平谷村字合川403,平谷カントリー倶楽部,425202
36,長野県長野市大岡中牧274-1,南長野ゴルフ倶楽部,426202
38,長野県安曇野市穂高牧2050-1,あづみ野カントリークラブ,420101
39,長野県安曇野市豊科田沢8186-1,豊科カントリー倶楽部,420104
40,兵庫県加東市永福933-20,ＡＢＣゴルフ倶楽部,640401
41,兵庫県神戸市北区長尾町上津4618,神戸パインウッズゴルフクラブ,641508
42,兵庫県小野市中谷町1413,小野グランドカントリークラブ,640502
43,鹿児島県薩摩川内市入来町浦之名4890-11,入来城山ゴルフ倶楽部,970204
44,兵庫県加西市中富町1668,加西インターカントリークラブ,642109
45,兵庫県加西市油谷町639-3,青野運動公苑アオノゴルフコース,640118
46,兵庫県三田市香下2003,有馬冨士カンツリークラブ,640113
47,兵庫県神戸市西区枦谷町友清157,大神戸ゴルフ倶楽部,641505
48,兵庫県三木市吉川町前田447-1,キングスロードゴルフクラブ,641205
49,兵庫県川辺郡猪名川町北田原字釜ヶ谷1,猪名川国際カントリークラブ,640203
50,兵庫県三田市中内神南山841,有馬カンツリー倶楽部,640112
51,兵庫県赤穂市西有年字馬路谷3007-1,赤穂国際カントリークラブ,640106
52,兵庫県西宮市山口町下山口字高丸1645-1,神戸グランドヒルゴルフクラブ,641512
53,兵庫県朝来市山東町大月1-1,山東カントリークラブ,642107
54,兵庫県神戸市灘区六甲山町一ヶ谷,神戸ゴルフ倶楽部,641504
55,兵庫県神戸市西区枦谷町寺谷１２１７,明石ゴルフ倶楽部,640104
57,兵庫県丹波篠山市遠方119-1,オータニにしきカントリークラブ,640510
58,兵庫県赤穂市天和字中河原909,赤穂カンツリークラブ,640105
59,兵庫県神戸市北区大沢町上大沢1982,北六甲カントリー倶楽部西コース,641202
60,兵庫県姫路市山田町南山田120,白鷺ゴルフクラブ,642205
61,兵庫県加西市山下町2390－1,加西カントリークラブ,641106
62,兵庫県姫路市青山1464,青山ゴルフクラブ,640102
63,兵庫県神戸市北区淡河町北畑571,有馬ロイヤルゴルフクラブ,640114
64,兵庫県三田市川原1035-12,サングレートゴルフ倶楽部,642111
65,兵庫県三木市細川町瑞穂1369-2,オリムピックゴルフ倶楽部,640505
66,兵庫県淡路市生田田尻字池ノ谷629,淡路カントリー倶楽部,640116
67,兵庫県宝塚市切畑字検見1-2,新宝塚カントリークラブ,642202
68,兵庫県三田市大川瀬1167,神戸三田ゴルフクラブ,642104
69,兵庫県加東市上久米1763-90,サンロイヤルゴルフクラブ,642110
70,兵庫県相生市那波野278,相生カントリー倶楽部,640101
71,兵庫県朝来市生野町栃原1784-29,生野高原カントリークラブ,640201
72,兵庫県三木市吉川町冨岡933-27,三甲ゴルフ倶楽部 ジャパンコース (旧ｼﾞｬﾊﾟﾝﾒﾓﾘｱﾙ),642204
73,兵庫県丹波篠山市和田字東勝山32-1,青山台ゴルフ倶楽部,640103
75,兵庫県三田市三輪1294-1,三田ゴルフクラブ,642105
76,兵庫県加東市長貞1843,グランドオークプレイヤーズコース,641303
77,兵庫県三木市吉川町吉安877-1,関西ゴルフ倶楽部,641108
78,兵庫県丹波篠山市奥原山広尾41,オータニ広尾カントリークラブ,640507
79,兵庫県神崎郡神河町吉冨1833-6,粟賀ゴルフ倶楽部,640115
80,宮城県柴田郡川崎町大字支倉字中峯山18-3,杜の公園ゴルフクラブ,236205
81,宮城県仙台市青葉区上愛子五ツ森6-1,グレート仙台カントリー倶楽部,231301
82,宮城県仙台市太白区坪沼字赤石山1-1,グレースリッジカントリークラブ,236204
83,宮城県宮城郡利府町森郷字内の目北3-25,利府ゴルフ倶楽部,238201
84,宮城県富谷市今泉三ツ沢14-3,仙台クラシックゴルフ倶楽部,238401
85,宮城県黒川郡大郷町中村字谷地際山5-28,松島国際カントリークラブ,236101
86,宮城県富谷市三ノ関狼沢73-1,富谷カントリークラブ,233501
88,宮城県名取市愛島北目2-66,仙台空港カントリークラブ,230301
89,宮城県仙台市泉区根白石字花輪山1,泉国際ゴルフ倶楽部,230202
90,宮城県黒川郡大郷町東成田字北沢山18,おおさとゴルフ倶楽部,230502
91,宮城県黒川郡大衡村大瓜字中山45-92,花の杜ゴルフクラブ,235102
92,宮城県宮城郡松島町桜渡戸字上境田43,松島チサンカントリークラブ松島・仙台コース,236105
93,宮城県柴田郡村田町大字沼田字中屋敷200,仙台南ゴルフ倶楽部,232404
94,宮城県仙台市泉区明通1-1-1,泉パークタウンゴルフ倶楽部,230203
95,宮城県名取市愛島笠島字南北沢1-8,仙台カントリー倶楽部名取コース,232402
97,秋田県山本郡三種町森岳字木戸沢199-183,秋田森岳温泉36ゴルフ場,240104
99,新潟県新発田市元郷211,紫雲ゴルフ倶楽部,412201
100,新潟県長岡市柿町4221,グリーンヒル長岡ゴルフ倶楽部,411303
101,新潟県三条市大字長沢1385,大新潟カントリークラブ三条コース,413102
102,新潟県胎内市小牧台900,櫛形ゴルフ倶楽部,410402
103,新潟県新発田市万代855,フォレストカントリー倶楽部,415301
104,新潟県三島郡出雲崎町大字乙茂字金谷川内５８８甲,大新潟カントリークラブ出雲崎コース,413101
105,新潟県胎内市村松浜555,中条ゴルフ倶楽部,414103
108,新潟県阿賀野市保田5107-7,イーストヒルゴルフクラブ,410203
109,新潟県糸魚川市大字蓮台寺1550,糸魚川カントリークラブ,410202
110,新潟県三条市楢山５２,下田城カントリー倶楽部,412205
111,新潟県新発田市本田130-4,中峰ゴルフ倶楽部,414104
112,新潟県上越市柿崎区上下浜2362,米山水源カントリークラブ,412203
113,新潟県柏崎市西山町大崎873,石地シーサイドカントリークラブ,410204
114,福島県郡山市熱海町高玉字株原1-1,郡山熱海カントリークラブ,261502
115,福島県いわき市勿来町窪田大槻193-1,五浦庭園カントリークラブ,260203
116,福島県二本松市雄平台15番地,安達太良カントリークラブ,260102
117,福島県西白河郡西郷村大字真船,白河高原カントリークラブ,262204
118,福島県岩瀬郡天栄村大字田良尾字芝草1,白河メドウゴルフ倶楽部,262208
119,福島県郡山市三穂田町山口字大窪12,郡山ゴルフ倶楽部,261501
120,福島県いわき市渡辺町上釜戸字上ノ代245,JGMサラブレッドゴルフクラブ(旧ｻﾗﾌﾞﾚｯﾄﾞCC),262101
121,福島県西白河郡矢吹町松房314,矢吹ゴルフ倶楽部,267101
122,福島県いわき市遠野町滝字山ノ神24-5,湯本スプリングスカントリークラブ,262203
123,熊本県宇土市花園町大曽2753,チェリーゴルフ宇土コース,941401
124,熊本県玉名郡和水町米渡尾1380,司菊水ゴルフクラブ,941201
125,熊本県球磨郡あさぎり町深田東1304－1,熊本クラウンゴルフ倶楽部,941308
126,熊本県山鹿市鹿北町岩野1259-2,鹿北ゴルフ倶楽部,941102
127,熊本県菊池市旭志川辺1217,くまもと中央カントリークラブ,941304
128,熊本県菊池郡大津町大字瀬田711,阿蘇大津ゴルフクラブ,940107
129,熊本県菊池市原4993－1,菊池カントリークラブ,941202
130,熊本県天草市有明町上津浦2928,ザ・マスターズ天草コース,942101
131,熊本県阿蘇郡南阿蘇村大字河陰5254,南阿蘇カントリークラブ,946203
132,熊本県荒尾市金山字丸山2001,九州ゴルフ倶楽部小岱山コース,941204
133,熊本県宇城市小川町東小川2641-2,ワールドカントリー倶楽部,949101
134,熊本県阿蘇郡西原村小森2178,阿蘇グリーンヒルカントリークラブ,940109
135,熊本県宇城市松橋町曲野610,あつまるレークカントリークラブ,943501
136,熊本県玉名市箱谷1500番地,司ロイヤルゴルフクラブ,941205
137,熊本県阿蘇郡南阿蘇村大字河陽4369-1,阿蘇東急ゴルフクラブ,940102
138,熊本県阿蘇郡西原村大字河原3838-4,グランドチャンピオンゴルフクラブ,941305
139,熊本県上天草市大矢野町中11356,チェリーゴルフクラブ天草コース,940105
140,熊本県上益城郡山都町北中島2228,矢部サンバレーカントリークラブ,947101
141,熊本県宇城市不知火町長崎4205,不知火カントリークラブ,942201
142,熊本県球磨郡相良村大字柳瀬2364,チェリーゴルフ人吉コース,945202
143,熊本県菊池郡菊陽町曲手838,熊本空港カントリークラブ,941302
144,熊本県上益城郡御船町大字高木２７２１－２,チサンカントリークラブ御船,943201
145,熊本県玉名市石貫3987,玉名カントリークラブ,943102
146,熊本県上益城郡甲佐町大字南三箇1273－18,熊本南カントリークラブ,941306
147,熊本県阿蘇郡西原村鳥子3415,肥後サンバレーカントリークラブ,945201
148,熊本県八代市二見本町2755,八代ゴルフ倶楽部,947102
149,熊本県荒尾市大字下井手水洗1308,グリーンランドリゾートゴルフコース,946201
150,熊本県上益城郡益城町田原1122,高遊原カントリークラブ,943101
151,長崎県南島原市深江町戊3987,島原カントリー倶楽部,932201
152,長崎県長崎市琴海尾戸町1740,ペニンシュラ オーナーズ ゴルフクラブ,935401
153,長崎県西海市西彼町上岳郷1255-1,長崎パークカントリークラブ,934105
154,長崎県諫早市多良見町市布1656-1,喜々津カントリー倶楽部,931201
155,長崎県五島市下大津町1985,五島カントリークラブ,931501
156,長崎県諫早市小ヶ倉町51,長崎国際ゴルフ倶楽部,934102
157,長崎県雲仙市愛野町甲2789,愛野カントリー倶楽部,930101
158,長崎県長崎市琴海戸根町95,オーシャンパレスゴルフクラブ,934104
159,長崎県長崎市脇岬町３４５,野母崎ゴルフクラブ,934501
160,長崎県佐世保市江迎町奥川内220-6,佐世保・平戸カントリークラブ,935202
161,長崎県長崎市琴海戸根原町171,パサージュ琴海アイランドゴルフクラブ,935102
162,長崎県大村市東野岳町1334,大村湾カントリー倶楽部オールドコース,930501
163,長崎県西海市西彼町八木原郷2879-2,ハウステンボス カントリークラブ,935101
117,静岡県富士宮市内野1291-1,小田急西富士ゴルフ倶楽部,440501
118,静岡県三島市南原菅4708,芦の湖カントリークラブ,440105
119,静岡県菊川市富田230,菊川カントリークラブ,441201
120,静岡県御殿場市神山1916,小田原ゴルフ倶楽部　日動御殿場コース,444202
121,静岡県駿東郡小山町新柴504-1,ギャツビイゴルフクラブ,441202
122,静岡県沼津市宮本字元野512,愛鷹シックスハンドレッドクラブ,440104
123,静岡県伊豆の国市長者原1240,大熱海国際ゴルフクラブ 熱海コース,443101
124,静岡県富士宮市野中1127-1,富士宮ゴルフクラブ,445312
125,静岡県駿東郡小山町桑木658,足柄森林カントリー倶楽部,440103
126,静岡県富士市今宮1243,大富士ゴルフクラブ,443102
127,静岡県田方郡函南町桑原高雄山1315－25,凾南ゴルフ倶楽部　箱根コース,441104
128,静岡県伊豆市堀切1004-5,伊豆国際カントリークラブ,440202
129,静岡県袋井市宇刈2505-2,葛城ゴルフ倶楽部,441102
130,静岡県賀茂郡南伊豆町入間2383-1,伊豆下田カントリークラブ,440204
131,静岡県伊東市荻694-1,伊東カントリークラブ,440207
132,静岡県富士市桑崎字境塚1016,十里木カントリークラブ,442206
133,静岡県駿東郡小山町上野1492,富士グリーンヒルゴルフコース,445307
134,静岡県駿東郡小山町大御神894-1,富士小山ゴルフクラブ,445305
135,静岡県伊豆市冷川1521-108,中伊豆グリーンクラブ,444101
136,静岡県伊東市吉田1006,サザンクロスリゾート,442102
137,静岡県駿東郡小山町大御神604-3,東富士カントリークラブ,445201
139,静岡県裾野市今里1060,裾野カンツリー倶楽部,442301
140,静岡県浜松市天竜区渡ヶ島20-6,浜松カントリークラブ,445106
141,静岡県伊豆市日向965,修善寺カントリークラブ,442207
142,静岡県駿東郡長泉町東野655-1,富士エースゴルフ倶楽部,445303
143,静岡県御殿場市神場1530-2,御殿場東名ゴルフクラブ,445310
144,北海道北見市留辺蘂町花丘175,温根湯国際カントリークラブ,110510
145,北海道恵庭市島松沢55,札幌エルムカントリークラブ,112102
146,北海道北広島市字島松641,札幌リージェントゴルフ倶楽部,111501
147,北海道河東郡上士幌町字上音更西３線,上士幌ゴルフ場,111105
148,北海道千歳市蘭越26,ザ・ノースカントリーゴルフクラブ,112117
149,北海道札幌市南区真駒内280,札幌南ゴルフクラブ駒丘コース（定山渓CC）,112204
151,北海道北見市川東724-1,北見ハーブヒルゴルフクラブ,113506
152,北海道北広島市中の沢450-1,札幌北広島ゴルフ倶楽部,112112
153,北海道上川郡東川町西6号北8線,コート旭川カントリークラブ,116501
154,北海道苫小牧市字植苗341,苫小牧ゴルフリゾート72 エミナゴルフクラブ,116201
155,北海道勇払郡安平町早来富岡４３８－１,安平ゴルフ倶楽部,110501
156,北海道北広島市輪厚77,札幌ゴルフ倶楽部輪厚コース,112106
158,北海道茅部郡鹿部町字駒見49-10,大沼国際カントリークラブ,110502
162,北海道苫小牧市植苗577-1,桂ゴルフ倶楽部,111104
163,北海道千歳市泉郷845-1,グレート札幌カントリー倶楽部,111307
164,北海道河東郡音更町字長流枝１７－１５,帯広白樺カントリークラブ,110508
166,北海道勇払郡安平町早来新栄671-1,早来カントリー倶楽部(旧：ANAダイヤモンドGC),115506
167,北海道上川郡鷹栖町15線23号,グレート旭川カントリー倶楽部,111306
168,青森県東津軽郡平内町東田沢10-230,夏泊ゴルフリンクス,214101
169,青森県南津軽郡大鰐町大字島田滝之沢100-9,青森ロイヤルゴルフクラブ,210104
170,鹿児島県指宿市開聞川尻6660,いぶすきゴルフクラブ,970202
171,鹿児島県薩摩川内市樋脇町市比野250番地,グリーンヒルカントリークラブ,971301
172,鹿児島県薩摩川内市祁答院町下手3600,祁答院ゴルフ倶楽部,971401
173,鹿児島県鹿児島市直木町6000番,鹿児島ガーデンゴルフ倶楽部　松元コース,971109
174,鹿児島県鹿児島市宮之浦町4092-2,島津ゴルフ倶楽部,972201
175,鹿児島県霧島市霧島田口2703-20,高千穂カントリー倶楽部,973101
176,鹿児島県鹿児島市吉野町6769,南国カンツリークラブ,974101
177,鹿児島県曽於郡大崎町野方8519-2,大隅カントリークラブ,970501
178,鹿児島県南九州市知覧町郡８６３０,知覧カントリークラブ,973201
179,鹿児島県姶良市蒲生町久末2489-1,鹿児島高牧カントリークラブ,971108
180,鹿児島県霧島市横川町下ノ高松1023,かごしま空港36カントリークラブ,971103
181,鹿児島県出水市平和町279,出水ゴルフクラブ,970201
182,鹿児島県熊毛郡中種子町増田2810,コスモリゾート種子島ゴルフクラブ,971501
183,鹿児島県鹿屋市上高隈町1337,鹿児島鹿屋カントリークラブ（旧：ジェイズ鹿屋）,971102
184,鹿児島県姶良市加治木町小山田5732,鹿児島国際ゴルフ倶楽部,971104
185,鹿児島県霧島市溝辺町有川963-11,溝辺カントリークラブ,976206
187,鹿児島県日置市吹上町湯之浦393,湯の浦カントリー倶楽部,977301
188,鹿児島県鹿児島市喜入一倉町11617-1,喜入カントリークラブ,971203
189,鹿児島県日置市伊集院町郡549,南九州カントリークラブ,976201
190,鹿児島県霧島市牧園町高千穂3311,霧島ゴルフクラブ,971201
191,山梨県上野原市野田尻3085,オリムピックカントリークラブ,430503
192,山梨県笛吹市御坂町下黒駒3193,甲府国際カントリークラブ,431501
193,山梨県上野原市棡原5000,レイク相模カントリークラブ,438401
194,山梨県北杜市小淵沢町10060-163,小淵沢カントリークラブ,431502
195,山梨県南都留郡鳴沢村字富士山8545-6,富士レイクサイドカントリー倶楽部,435305
196,山梨県上野原市犬目525,サンメンバーズカントリークラブ,432101
197,山梨県韮崎市穂坂町上今井1849,カントリークラブ・グリーンバレイ,431103
199,山梨県笛吹市境川町小黒坂2266,境川カントリー倶楽部,432102
200,山梨県南巨摩郡南部町万沢7483,富士ロイヤルカントリークラブ,435306
201,山梨県南都留郡鳴沢村7328－41,フォレスト鳴沢ゴルフ＆カントリークラブ,435302
202,山梨県都留市戸沢1353,都ゴルフ倶楽部,436201
203,山梨県上野原市秋山6275,桜ヒルズゴルフクラブ（旧秋山カントリークラブ）,430101
204,山梨県笛吹市春日居町国府759,春日居ゴルフ倶楽部,431106
205,山梨県北杜市須玉町江草3072,シャトレーゼヴィンテージゴルフ倶楽部,433101
206,山梨県北杜市武川町黒沢2149-8,甲斐駒カントリークラブ,431101
207,山梨県南巨摩郡身延町西島3525,富士川カントリークラブ,435301
208,山梨県都留市大幡舟井沢3036,中央都留カントリー倶楽部,433201
209,山梨県都留市法能天神山1452,都留カントリー倶楽部,433301
211,山梨県上野原市上野原6887,上野原カントリークラブ,435201
212,山梨県北杜市長坂町中島4402,北の杜カントリー倶楽部,431201
214,山梨県甲斐市団子新居1927-4,甲斐ヒルズカントリー倶楽部,431105
215,神奈川県厚木市下荻野1920番地,厚木国際カントリー倶楽部,370101
216,神奈川県小田原市根府川667,小田原城カントリー倶楽部,370503
217,神奈川県鎌倉市今泉5-1026,鎌倉カントリークラブ,371102
218,神奈川県藤沢市大庭2320,芙蓉カントリー倶楽部,375302
219,神奈川県秦野市寺山1450,東京カントリー倶楽部,375107
220,神奈川県足柄上郡松田町寄321,小田原ゴルフ倶楽部 松田コース,370502
221,神奈川県茅ヶ崎市中島1567,湘南シーサイドカントリー倶楽部,372202
222,神奈川県三浦郡葉山町木古庭1043－1,葉山国際カンツリー倶楽部,375108
223,神奈川県足柄下郡箱根町仙石原1246,大箱根カントリークラブ,373103
224,神奈川県愛甲郡愛川町三増2607,東名厚木カントリー倶楽部,373501
226,神奈川県茅ヶ崎市赤羽根4123,湘南カントリークラブ,372201
228,神奈川県足柄下郡湯河原町吉浜2020,一般社団法人　湯河原カンツリー倶楽部,377301
229,神奈川県足柄下郡箱根町湯本390-37,小田原湯本カントリークラブ,370504
230,千葉県野田市瀬戸548,クリアビューゴルフクラブ＆ホテル,350502
231,千葉県市原市馬立3022-13,市原京急カントリークラブ,350203
232,千葉県市原市新巻377,キングフィールズゴルフクラブ,351202
233,千葉県君津市大野台765-2,ゴールド木更津カントリークラブ,350105
234,千葉県君津市柳城856-2,上総モナークカントリークラブ,351104
235,千葉県印西市大森7,アコーディア・ゴルフ習志野カントリークラブ,354102
236,千葉県香取郡多古町大門659,ゴルフ倶楽部成田ハイツリー,351502
237,千葉県香取市織幡1177,香取カントリークラブ,351113
238,千葉県市原市月出81番地,加茂ゴルフ倶楽部（千葉県）,351109
239,千葉県成田市幡谷941-1,スカイウェイカントリークラブ,352301
240,千葉県長生郡一宮町東浪見3166,一の宮カントリー倶楽部,350202
241,千葉県木更津市茅野七曲905,ザ・カントリークラブ・ジャパン,352102
242,千葉県香取市多田89,佐原カントリークラブ,352103
243,千葉県市原市立野１６５－１,姉ヶ崎カントリー倶楽部,350101
244,千葉県袖ケ浦市大竹265番地,カメリアヒルズカントリークラブ,351111
245,千葉県長生郡長南町竹林10,アバイディングクラブゴルフソサエティ,350103
246,千葉県山武郡芝山町境字五丈201,イーグルレイクゴルフクラブ,350208
247,千葉県千葉市若葉区多部田町802,京葉カントリー倶楽部,351401
248,千葉県山武郡芝山町山田1281,京カントリークラブ,351204
249,千葉県南房総市平塚乙2-404,コスモクラシッククラブ,350205
250,滋賀県甲賀市信楽町牧1782-2,ザ・カントリークラブ,612101
251,千葉県佐倉市飯田1000,佐倉カントリー倶楽部,352101
252,千葉県袖ケ浦市下宮田216,木更津ゴルフクラブ,351201
253,千葉県君津市東猪原12番地,新君津ベルグリーンカントリー倶楽部,351306
255,千葉県山武郡芝山町大台2176,芝山ゴルフ倶楽部,352203
256,千葉県鴨川市和泉2607,鴨川カントリークラブ,351112
257,千葉県市原市大桶字白畑956-1,源氏山ゴルフクラブ,351402
258,千葉県香取市苅毛893,オーク・ヒルズカントリークラブ,350504
260,千葉県香取市沢442,グレンオークスカントリークラブ,351303
261,千葉県木更津市真里谷4345－3,アクアラインゴルフクラブ,351114
262,石川県羽咋市柳田町8-8,朱鷺の台カントリークラブ,553501
263,石川県小松市里川町1番地,ゴルフクラブ　ツインフィールズ,551501
264,石川県七尾市直津町子部1-2,チェリーゴルフグループ・和倉ゴルフ倶楽部,559101
265,石川県小松市木場町セ-1,小松カントリークラブ,551502
266,石川県加賀市小坂町ト甲7-2,山代ゴルフ倶楽部,553101
267,石川県加賀市熊坂町辰19-5,加賀セントラルゴルフ倶楽部,551109
268,石川県小松市菩提町井-1番地,小松パブリック,551503
270,石川県七尾市能登島半浦7号1番地,能登島ゴルフアンドカントリークラブ,554503
271,石川県加賀市永井町79-1（山代山中ゴルフ場）,片山津ゴルフ倶楽部　西コース,551104
274,岡山県高梁市松原町神原2246,パインツリーゴルフクラブ,735101
275,岡山県赤磐市坂辺1366,赤坂カントリークラブ,730102
276,岡山県岡山市北区建部町吉田713-2,グレート岡山ゴルフ倶楽部,731303
277,岡山県井原市野上町438-6,井原ゴルフ倶楽部,730201
278,岡山県倉敷市水島川崎通1-19,水島ゴルフリンクス,736202
279,岡山県倉敷市中庄2769－2,岡山ゴルフ倶楽部,730504
280,岡山県玉野市滝1640-1,瀬戸大橋カントリークラブ,732401
281,岡山県岡山市北区石妻890,岡山金陵カントリークラブ,730508
282,岡山県井原市門田町字玉之井5364番地,岡山西ゴルフ倶楽部,730510
283,岡山県赤磐市東軽部1483-7,赤坂レイクサイドカントリークラブ,730103
284,岡山県津山市桑下1680,久米カントリークラブ,731301
285,岡山県岡山市北区長野622-78,新岡山ゴルフクラブ,732201
286,岡山県笠岡市鋼管町19-2,JFE瀬戸内海ゴルフ倶楽部,732402
287,岡山県赤磐市平山428,山陽ゴルフ倶楽部,732102
288,岡山県玉野市下山坂1345,東児が丘マリンヒルズゴルフクラブ,733501
289,岡山県笠岡市尾坂字北山1361-3,笠岡カントリー倶楽部,731101
290,岡山県玉野市宇野6-1-1,玉野ゴルフ倶楽部,733101
291,岡山県総社市新本2800-1,吉備カントリークラブ,731201
292,岡山県真庭市下中津井3933,備中高原北房カントリー倶楽部,735202
293,岡山県岡山市北区御津矢知８６５－７,岡山御津カントリークラブ,730506
294,岡山県総社市奥坂666,鬼ノ城ゴルフ倶楽部,731203
295,岡山県岡山市北区菅野３３９７－２９,岡山空港ゴルフコース,730509
296,岡山県岡山市北区御津中山361,岡山北ゴルフ倶楽部,730511
297,岡山県岡山市北区建部町中田1046-1,たけべの森ゴルフ倶楽部,733102
298,岡山県岡山市北区田益４８３－１,岡山カントリークラブ桃の郷コース,730502
299,岡山県総社市西阿曾1800,岡山国際ゴルフ倶楽部,730503
300,岡山県倉敷市福江701,鷲羽ゴルフ倶楽部,739101
301,岡山県倉敷市二子1943,倉敷カントリー倶楽部,731302
302,岡山県苫田郡鏡野町奥津677-1,奥津ゴルフ倶楽部,730512
303,岡山県久米郡美咲町重藤37番地,ザ・オークレットゴルフクラブ,732104
304,岡山県真庭市上山711,Blue Resortランドマークゴルフ倶楽部（ﾗﾝﾄﾞﾏｰｸGC）,738102
305,岡山県美作市中山918,湯郷石橋ゴルフ倶楽部,737301
306,埼玉県深谷市山崎600,岡部チサンカントリークラブ,340504
307,埼玉県東松山市高坂1916-1,高坂カントリークラブ,343101
308,埼玉県入間郡越生町大字大谷138,日本カントリークラブ,344201
309,埼玉県児玉郡神川町渡瀬1492-1,こだま神川カントリークラブ,341505
310,埼玉県入間郡越生町如意1159-1,入間カントリー倶楽部,340201
311,埼玉県飯能市久須美292,飯能グリーンカントリークラブ,345104
312,埼玉県飯能市下直竹字郷戸415-1,飯能パークカントリークラブ,345103
313,埼玉県飯能市小岩井350,飯能くすの樹カントリー倶楽部,345105
314,埼玉県比企郡ときがわ町西平2042,さいたま梨花カントリークラブ,346305
315,埼玉県東松山市大字神戸1875,清澄ゴルフ倶楽部,341203
316,埼玉県児玉郡美里町大字広木2461-1,オリムピック・カントリークラブレイクつぶらだコース,340509
318,埼玉県入間郡毛呂山町大字葛貫1200,さいたまゴルフクラブ（埼玉ゴルフクラブ）,342103
319,埼玉県大里郡寄居町大字鉢形3212,平成倶楽部鉢形城コース,345401
320,埼玉県本庄市児玉町塩谷1000,北武蔵カントリークラブ,341202
321,埼玉県大里郡寄居町大字牟礼1132,森林公園ゴルフ倶楽部,342202
322,埼玉県比企郡鳩山町大字大橋1186-2,鳩山カントリークラブ,345101
323,埼玉県本庄市児玉町入浅見1060,こだまゴルフクラブ,341503
325,埼玉県秩父市品沢坊ヶ入1641,彩の森カントリークラブ・ホテル秩父,342105
326,埼玉県秩父郡皆野町三沢4633-1,秩父国際カントリークラブ,343202
327,埼玉県比企郡ときがわ町大字玉川3966-3,玉川カントリークラブ,343103
328,埼玉県入間郡越生町津久根830,ＪＧＭおごせゴルフクラブ,340302
329,埼玉県さいたま市桜区新開3-13-1,浦和ゴルフ倶楽部,340301
330,埼玉県狭山市柏原1984,東京ゴルフ倶楽部,343501
331,埼玉県大里郡寄居町金尾428,長瀞カントリークラブ,344101
332,埼玉県熊谷市石原1431,熊谷ゴルフクラブ,341302
333,埼玉県鴻巣市関新田2123,鴻巣カントリークラブ,341502
334,埼玉県比企郡小川町小川1619,小川カントリークラブ,340505
336,福井県あわら市指中75-1,越前カントリークラブ,560401
337,福井県福井市燈豊町42-53,フォーレスト福井ゴルフクラブ,565303
338,福井県越前市勝蓮花町62-1-1,越前武生カントリークラブ,563101
339,福井県坂井市丸岡町野中山王60,フクイカントリークラブ,565301
340,福井県福井市上天下町1－1,ゴールド福井カントリークラブ,564201
341,広島県山県郡北広島町寺原,千代田ゴルフ倶楽部（旧千代田OGMGC）,743201
342,広島県廿日市市玖島235,芸南カントリークラブ,741401
343,広島県福山市新市町大字戸手3103-1,新市クラシックゴルフクラブ,742203
344,広島県尾道市原田町梶山田1069,尾道うずしおカントリークラブ,740502
345,広島県呉市郷原町西横尾412,郷原カントリークラブ,741501
346,広島県廿日市市友田10119,広島佐伯カントリー倶楽部,742101
347,広島県竹原市吉名町831番地,瀬戸内ゴルフリゾート,746204
348,広島県東広島市八本松町吉川5562-23,広島東映カントリークラブ,745207
349,広島県廿日市市吉和1587,広島吉和の森ゴルフ倶楽部（旧ﾁｪﾘｰGC吉和の森ｺｰｽ）,742301
350,広島県廿日市市河津原137-2,鷹の巣ゴルフクラブ,743101
351,広島県三原市久井町坂井原７５５,久井カントリークラブ,741301
352,広島県広島市佐伯区三宅町1050,宮島カンツリー倶楽部,746202
353,広島県三原市沼田東町釜山10345-6,三原カンツリークラブ,746201
354,広島県東広島市志和町志和東阿原10671-29,東広島カントリークラブ,745201
355,広島県福山市神村町1388,松永カントリークラブ,746101
356,広島県呉市安浦町安登,呉カントリークラブ,741302
357,広島県三原市本郷町南方字松屋根1251-1,本郷カントリー倶楽部,745501
358,広島県竹原市小梨町字堂平2022,竹原カントリークラブ,742302
359,広島県安芸高田市八千代町佐々井979-1,八千代カントリークラブ,747101
360,広島県東広島市八本松町原,広島カンツリー倶楽部八本松コース,745203
361,広島県庄原市板橋町600,庄原カントリークラブ,742201
362,広島県広島市安佐北区安佐町筒瀬1471-21,広島安佐ゴルフクラブ（広島中央ゴルフクラブ）,745206
363,広島県安芸高田市高宮町房後617番地,リージャスクレストゴルフクラブ ロイヤル,748202
364,広島県三原市大和町和木3262,白竜湖カントリークラブ,745101
367,広島県広島市佐伯区五日市町皆賀413,広島ゴルフ倶楽部 鈴が峰コース,745205
369,広島県三原市大和町大草20905-37,グリーンバーズゴルフ倶楽部,741303
370,広島県廿日市市大野猪ノウツ2392,広島西カントリー倶楽部,745208
371,広島県東広島市志和町大字七条椛坂488-2,宮島志和カンツリー倶楽部,746203
372,広島県東広島市黒瀬町南方10199-70,広島国際ゴルフ倶楽部,745204
373,広島県世羅郡世羅町大字小世良691-15,尾道カントリークラブ宇根山コース,740503
374,広島県東広島市河内町入野11957-6,安芸カントリークラブ,740101
375,広島県福山市神辺町東中条498番地,福山カントリークラブ,745301
376,大阪府泉南市新家4364,泉南カンツリークラブ,632402
377,大阪府池田市畑3-11,箕面ゴルフ倶楽部,636202
378,大阪府泉南郡岬町深日31,大阪ゴルフクラブ,630501
379,大阪府三島郡島本町大沢91-1,ベニーカントリー倶楽部,635401
380,大阪府枚方市津田4546,枚方国際ゴルフ倶楽部,635202
381,大阪府富田林市新堂2258-1,光丘カントリー倶楽部,631501
382,大阪府茨木市泉原347,茨木高原カンツリー倶楽部,630205
383,大阪府泉南郡岬町深日3247,みさきカントリークラブ（旧：岬カントリークラブ）,636201
384,大阪府三島郡島本町尺代128,新大阪ゴルフクラブ,632202
385,大阪府高槻市大字田能小字中山26,高槻カントリー倶楽部,633101
386,大阪府大東市龍間266-8,阪奈カントリークラブ,635101
387,大阪府四條畷市大字上田原1382-1,大阪パブリックゴルフ場,630502
388,大阪府茨木市大字中穂積25,茨木カンツリー倶楽部,630204
389,大阪府南河内郡太子町葉室800,太子カントリー倶楽部,633103
390,大阪府泉南市信達牧野780,関空クラシックゴルフ倶楽部（砂川国際GC）,632301
391,大阪府高槻市柱本3-19-7,京阪ゴルフ倶楽部,631401
392,島根県雲南市掛合町多根3325-3,クラシック島根カントリークラブ,721301
393,島根県出雲市斐川町学頭3738-1,出雲空港カントリー倶楽部,720203
394,島根県浜田市上府町イ1188,浜田ゴルフリンクス,725102
395,島根県出雲市美野町1652,島根ゴルフ倶楽部,722201
396,愛媛県東温市松瀬川乙997,松山ゴルフ倶楽部,836104
397,愛媛県上浮穴郡久万高原町下畑野川乙1182,高原ゴルフ倶楽部,830402
398,愛媛県大洲市野佐来,大洲ゴルフ倶楽部,830501
399,愛媛県東温市上村乙347,松山国際ゴルフ倶楽部,836103
400,愛媛県松山市才之原乙76-2,北条カントリー倶楽部,835501
401,愛媛県伊予市中山町栗田乙１８－２,松山ロイヤルゴルフ倶楽部,836106
402,愛媛県松山市下伊台町乙115,道後ゴルフ倶楽部,833501
403,愛媛県西条市中野赤坂丙147-1,西条ゴルフ倶楽部,832101
404,愛媛県四国中央市土居町天満66,タカガワ新伊予ゴルフ倶楽部,830202
405,愛媛県新居浜市船木1032-17,新居浜カントリー倶楽部,834201
406,愛媛県上浮穴郡久万高原町東明神,久万カントリークラブ,831301
407,愛媛県今治市菊間町田之尻,松山シーサイドカントリークラブ,836105
408,愛媛県宇和島市三間町大字則1970,宇和島カントリー倶楽部,830301
409,愛媛県松山市萩原小畑乙396-2,チサンカントリークラブ北条,833201
410,愛媛県松山市柳谷町乙45番1,エリエールゴルフクラブ松山（愛媛県）,836102
411,三重県松阪市嬉野島田町1242-1,西日本セブンスリーゴルフクラブ,532401
412,三重県津市片田長谷町30,津カントリー倶楽部,533302
413,三重県松阪市下村町2160,松阪カントリークラブ,536101
414,三重県伊賀市島ケ原8300,島ヶ原カントリークラブ,532201
415,三重県津市芸濃町林2245,フォレスト芸濃ゴルフクラブ（Jゴルフ芸濃）,531401
416,三重県津市白山町川口6262,COCOPA RESORT CLUB 白山ヴィレッジゴルフコース,535103
417,三重県いなべ市員弁町市之原2164,ナガシマカントリークラブ,534102
418,三重県伊賀市大滝1258,アリジカントリークラブ花垣コース,532103
420,三重県伊賀市田中1029,名阪チサンカントリークラブ,536402
421,三重県津市稲葉町3191,青山高原カントリークラブ,530101
422,三重県亀山市山下町1055番地,タートルエースゴルフ倶楽部,533503
423,三重県三重郡菰野町大字千草7190,三重カンツリークラブ,536201
425,三重県名張市上小波田1393,名張カントリークラブ,534101
426,三重県名張市神屋2476,名張サウスカントリー倶楽部,531304
427,三重県亀山市加太梶ケ坂2985－2,双鈴ゴルフクラブ関コース,532501
428,三重県津市一志町井生1743-2,伊勢中川カントリークラブ,530203
429,三重県伊賀市西之澤1598,名阪ロイヤルゴルフクラブ,536403
430,三重県志摩市阿児町鵜方3620-5,近鉄賢島カンツリークラブ,531101
431,三重県度会郡玉城町世古1362,伊勢カントリークラブ,530202
432,三重県津市一志町波瀬5992-2,名松・ゴルフクラブ,536401
433,三重県伊賀市円徳院1636,阿山カンツリー倶楽部,533401
434,三重県鈴鹿市小社町767,三鈴カントリー倶楽部,536203
435,三重県津市芸濃町椋本4766,霞ゴルフクラブ,531103
437,三重県津市稲葉町1497,エクセレントゴルフクラブ　伊勢大鷲コース,535305
438,愛知県尾張旭市大字新居5182-1,ウッドフレンズ森林公園ゴルフ場,512205
439,愛知県岡崎市鹿勝川町字玉沢2-9,サン・ベルグラビアカントリー倶楽部,512103
441,愛知県豊田市広幡町大洞南奥36,名古屋広幡ゴルフコース,514103
442,愛知県額田郡幸田町大字大草字小沢37-1,葵カントリークラブ,510102
443,愛知県豊田市岩滝町コンジ593-1,豊田カントリー倶楽部,513502
445,愛知県半田市川崎町3-1-1,半田ゴルフリンクス,515101
446,愛知県豊田市大坪町大入34-1,笹戸カントリークラブ,512101
448,愛知県犬山市大字前原字橋爪山1-4,犬山カンツリー倶楽部,510201
449,兵庫県川西市国崎字笹ヶ谷1,東海カントリー倶楽部,641107
450,愛知県岡崎市南大須町字桃ノ沢41番地,額田ゴルフ倶楽部,514301
451,愛知県弥富市富浜一丁目4番,ウッドフレンズ名古屋港ゴルフ倶楽部,514107
452,愛知県豊田市夏焼町下り山495-9,稲武カントリークラブ（旧稲武OGMCC）,510203
453,愛知県豊田市大ヶ蔵連町西山710,小原カントリークラブ,510502
454,愛知県瀬戸市定光寺1223,定光寺カントリークラブ,512202
455,愛知県愛知郡東郷町大字和合字ドンドロ35－1,名古屋ゴルフ倶楽部,514102
456,愛知県瀬戸市上品野町1350,品野台カントリークラブ,512201
458,愛知県岡崎市池金町字下北山2-39,岡崎カントリー倶楽部,510501
459,愛知県西尾市一色町大塚河田28,西尾ゴルフクラブ,514201
461,愛知県豊川市御津町金野籠田37-27,みとゴルフ倶楽部,516204
463,愛知県豊川市足山田町奥滝場20-2,キャッスルヒルカントリークラブ,511203
464,愛知県豊田市貞宝町貞宝8番地,貞宝カントリークラブ,513401
465,宮崎県日南市北郷町郷之原2821-1,日南北郷カントリークラブ（ジェイズ日南）,961202
466,宮崎県都城市高城町大字石山4474,レインボースポーツランドゴルフクラブ,968401
467,宮崎県宮崎市清武町今泉丙1331-1,宮崎レイクサイドゴルフ倶楽部,966206
468,宮崎県宮崎市佐土原町下田島21085-1,ハイビスカスゴルフクラブ,965101
469,宮崎県宮崎市大字折生迫字大谷4180,青島ゴルフ倶楽部,960103
470,宮崎県宮崎市大字新名爪坂ノ下2055,ＵＭＫカントリークラブ,967301
471,宮崎県都城市関之尾町6328,都城母智丘カントリークラブ,966202
472,宮崎県宮崎県宮崎市田吉4855-90,宮崎カントリークラブ,966203
473,宮崎県延岡市北方町笠下寅1566,北方ゴルフクラブ,961201
474,宮崎県宮崎市大字長嶺字唯ヶ迫1021,宮崎大淀カントリークラブ,960104
475,宮崎県宮崎市山崎町浜山,トム・ワトソンゴルフコース,963501
476,宮崎県宮崎市田野町乙5030-2,宮崎国際空港カントリークラブ,966207
477,富山県魚津市小川寺1004,魚津国際カントリークラブ,540301
478,富山県氷見市白川35,氷見カントリークラブ,545201
479,富山県南砺市井口字小山13-1,トナミロイヤルゴルフ倶楽部,543502
480,富山県富山市八尾町深谷京ヶ峰10,八尾カントリークラブ,547101
481,富山県富山市東福沢130,大山カメリアカントリークラブ,540501
482,岐阜県美濃市横越383-1,ぎふ美濃ゴルフ倶楽部,521211
483,岐阜県瑞浪市釜戸町1069,デイリー瑞浪カントリー倶楽部,525402
484,岐阜県瑞浪市大湫町621-1,中仙道ゴルフ倶楽部,524101
485,岐阜県可児市柿下126-2,中部国際ゴルフクラブ,523201
486,岐阜県瑞浪市明世町月吉1112-88,明世カントリークラブ,520102
487,岐阜県可児市室原87,日本ラインゴルフ倶楽部,524201
489,岐阜県恵那市岩村町飯羽間字小沢山3689-17,いわむらカントリークラブ,520202
490,岐阜県恵那市山岡町久保原772－7,ニューキャピタルゴルフ倶楽部,524202
491,岐阜県揖斐郡揖斐川町北方,大垣カントリー倶楽部,520501
492,岐阜県本巣市外山2120-30,岐阜本巣カントリークラブ,521206
493,岐阜県瑞浪市日吉町8675-1,花の木ゴルフクラブ,525101
494,岐阜県美濃加茂市山之上町3300-1,明智ゴルフ倶楽部 賑済寺ゴルフ場,525302
495,岐阜県加茂郡八百津町上飯田字大屋1488,さくらカントリークラブ,522101
496,岐阜県各務原市蘇原北山町2-8,岐阜カンツリー倶楽部,521202
497,岐阜県関市神野字宮後3496,岐阜セントフィールドカントリー倶楽部,521210
498,岐阜県加茂郡川辺町鹿塩字白砂1168,明智ゴルフ倶楽部かしおゴルフ場,525306
499,三重県津市榊原町ソヤ谷1538,三甲ゴルフ倶楽部 榊原温泉コース（旧：榊原温泉GC）,535303
500,岐阜県瑞浪市陶町水上830番地,東濃カントリー倶楽部,523501
501,岐阜県土岐市鶴里町細野1378-3,新陽カントリー倶楽部,522205
502,岐阜県美濃加茂市伊深町2345,伊深の森カントリークラブ,522202
503,岐阜県関市稲口1189,岐阜稲口ゴルフ倶楽部,521201
504,岐阜県関市小迫間東別所852,グリーンヒル関ゴルフ倶楽部,520203
505,岐阜県恵那市山岡町田代1492-1,笹平カントリー倶楽部,522103
506,岐阜県瑞浪市稲津町小里2722,グリーンヒル瑞浪ゴルフ倶楽部,521303
507,岐阜県高山市荘川町野々俣957－1,明智ゴルフ倶楽部荘川ゴルフ場,525308
508,岐阜県高山市石浦町1108,飛騨高山カントリークラブ,525201
509,鳥取県鳥取市御熊586－1,旭国際浜村温泉ゴルフ倶楽部,710101
510,鳥取県鳥取市洞谷856－1,鳥取カントリー倶楽部吉岡温泉コース,713501
511,鳥取県西伯郡伯耆町小林6,大山ゴルフクラブ,713101
512,鳥取県西伯郡南部町荻名753,グリーンパーク大山ゴルフ倶楽部,711301
514,鳥取県西伯郡伯耆町三部771-1,大山アークカントリークラブ,713103
515,和歌山県西牟婁郡上富田町岩崎768,南紀白浜ゴルフ倶楽部,660101
516,和歌山県日高郡印南町大字南谷925,紀南カントリークラブ,661205
517,和歌山県日高郡印南町印南4064－1,いなみカントリークラブフジ,669102
518,和歌山県和歌山市下三毛勝宝山879,小倉カントリー倶楽部,660501
519,和歌山県伊都郡かつらぎ町神田166-6,紀伊高原ゴルフクラブ,661201
520,和歌山県有田郡有田川町上六川542,海南高原カントリークラブ,661101
521,和歌山県海草郡紀美野町安井297,サンリゾートカントリークラブ,662101
522,和歌山県紀の川市貴志川町尼寺898,貴志川ゴルフ倶楽部,661203
523,和歌山県海草郡紀美野町国木原551-14,国木原ゴルフ倶楽部,661301
525,和歌山県和歌山市梅原585,和歌山カントリー倶楽部（和歌山市）,669101
526,和歌山県西牟婁郡白浜町2927-1,白浜ゴルフ倶楽部,662201
527,滋賀県蒲生郡日野町杣1146-1,日野ゴルフ倶楽部,615202
528,滋賀県彦根市鳥居本町2958,彦根カントリー倶楽部,615201
529,滋賀県甲賀市甲南町寺庄151,滋賀甲南カントリークラブ,612202
530,滋賀県甲賀市土山町南土山1118,双鈴ゴルフクラブ土山コース,612501
531,滋賀県大津市小野1611番地,比良ゴルフ倶楽部,615206
532,滋賀県大津市山上町790,皇子山カントリークラブ,610501
533,滋賀県甲賀市甲賀町神1940,大甲賀カントリークラブ神コース,613102
534,滋賀県甲賀市土山町大野4970,名神栗東カントリー倶楽部,616402
535,滋賀県甲賀市信楽町田代65,メイプルヒルズゴルフ倶楽部,616404
536,滋賀県甲賀市水口町春日146,ベアズ パウ ジャパンカントリークラブ,615401
537,滋賀県湖南市菩提寺1410,近江カントリー倶楽部,610502
538,滋賀県甲賀市信楽町宮町桧谷1000,オレンジシガカントリークラブ,610505
539,滋賀県甲賀市甲南町池田上梅田2118,センチュリー・シガ・ゴルフクラブ,612402
540,滋賀県甲賀市水口町春日1616番地,名神竜王カントリー倶楽部,616403
541,滋賀県甲賀市信楽町多羅尾1,タラオカントリークラブ,613103
542,滋賀県甲賀市土山町黒川1711,ダイヤモンド滋賀カントリークラブ,610201
543,滋賀県東近江市鈴町1120,朝日野カントリー倶楽部,610101
546,滋賀県甲賀市甲賀町五反田574,富士スタジアムゴルフ倶楽部南コース,615301
547,滋賀県甲賀市甲賀町大原上田111,コムウッドゴルフクラブ,611502
550,滋賀県滋賀県甲賀市信楽町牧1782-2,◆ザ・カントリークラブ◆,612102
552,滋賀県湖南市三雲３３５４,甲賀カントリー倶楽部,611501
553,香川県仲多度郡まんのう町造田2259,タカガワ新琴南ゴルフ倶楽部,821503
554,香川県小豆郡小豆島町当浜乙185-6,小豆島シーサイドゴルフクラブ,822202
555,香川県坂出市西庄町城山1625－15,高松カントリー倶楽部,823101
556,香川県綾歌郡綾川町千疋1848,ロイヤル高松カントリークラブ,828501
558,香川県木田郡三木町大字朝倉2227番地3,高松グランドカントリークラブ,823102
559,香川県綾歌郡綾川町枌所西340-1,高松ゴールドカントリー倶楽部,820102
560,香川県三豊市詫間町詫間643,詫間カントリークラブ,823105
562,山口県下関市大字吉田地方字駒くらべ1909-2,下関ゴールデンゴルフクラブ,752204
563,山口県岩国市美和町渋前1204-1,美和ゴルフクラブ,756202
564,山口県玖珂郡和木町大字瀬田字蜂ヶ峯424-3,和木ゴルフ倶楽部,759101
565,山口県周南市四熊1192,徳山国際カントリー倶楽部,753503
566,山口県周南市大字中須南798,中須ゴルフ倶楽部,754101
567,山口県山陽小野田市福田1-1,山陽国際ゴルフクラブ,752102
568,山口県岩国市通津10024-70,岩国センチュリーゴルフクラブ,750202
569,山口県山陽小野田市大字郡16-3,朝陽カントリークラブ,753201
570,山口県山口市仁保中郷泉水原6094,山口レインボーヒルズ泉水原ゴルフクラブ,757105
572,山口県山口市阿知須12423番地1,宇部72カントリークラブ阿知須コース,750303
573,山口県下関市豊田町地吉７１－１,山口レインボーヒルズ豊田湖ゴルフクラブ,757104
574,山口県美祢市市豊田前町保々長尾335番地,セントラルパークゴルフ倶楽部,752401
164,茨城県常陸太田市増井町1695,茨城ロイヤルカントリー倶楽部,310208
165,茨城県稲敷郡阿見町上条1760-1,阿見ゴルフクラブ,310105
166,茨城県潮来市茂木279－1,ジェイゴルフ霞ヶ浦,312210
167,茨城県坂東市菅谷2340番地,猿島カントリー倶楽部,312112
168,茨城県稲敷市四箇3405,霞台カントリークラブ,311105
170,茨城県笠間市南小泉1340,宍戸ヒルズカントリークラブ,312201
171,茨城県日立市小木津町771-1,ザ・オーシャンゴルフクラブ,312110
172,茨城県筑西市茂田ザ・ヒロサワ・シティ,下館ゴルフ倶楽部,312212
173,茨城県桜川市門毛2150,岩瀬桜川カントリークラブ,310204
174,茨城県鉾田市半原308-4,白帆カントリークラブ,312204
175,茨城県北茨城市関南町神岡上小沢1113,茨城パシフィックカントリー倶楽部,310202
176,茨城県笠間市福原301,ゴルフ５カントリーかさまフォレスト(旧かさまﾌｫﾚｽﾄ),313102
177,茨城県稲敷市佐倉1324-1,ザ・インペリアルカントリークラブ,312111
178,茨城県常陸大宮市野口1743-14,ゴルフ５カントリーサニーフィールド（旧ｻﾆｰﾌｨｰﾙﾄﾞ）,312104
179,茨城県東茨城郡城里町大字下赤沢314-1,うぐいすの森ゴルフクラブ水戸,313401
181,茨城県笠間市上郷3355,石岡ウエストカントリークラブ,310206
182,茨城県常陸大宮市小場5766,静ヒルズカントリークラブ,312208
184,茨城県鹿嶋市武井1877-1,鹿島の杜カントリー倶楽部,311113
185,茨城県稲敷市東大沼402,アスレチックガーデンゴルフ倶楽部,311109
186,茨城県稲敷市羽賀2048,江戸崎カントリー倶楽部,310401
187,茨城県東茨城郡城里町徳蔵436－1,城里ゴルフ倶楽部,311110
188,茨城県常陸太田市中利員町2856-1,金砂郷カントリークラブ,311107
189,茨城県石岡市下林2665-1,JGMやさと石岡ゴルフクラブ（やさと国際GC）,313503
190,茨城県石岡市嘉良寿理139,サミットゴルフクラブ,312109
191,茨城県東茨城郡城里町錫高野1155,桂ヶ丘カントリークラブ,311111
192,茨城県龍ケ崎市泉町字原口1592-77,ザ・ゴルフクラブ竜ヶ崎,312106
194,茨城県東茨城郡茨城町鳥羽田686-3,オールドオーチャード ゴルフクラブ,310503
0,福岡県糟屋郡久山町久原3549,久山カントリー倶楽部,915201
1,福岡県北九州市八幡東区大字小熊野1467,九州ゴルフ倶楽部八幡コース,911204
2,福岡県直方市中泉池代1356-2,西日本カントリークラブ,914201
3,福岡県太宰府市石穴3467-39,太宰府ゴルフ倶楽部,913103
4,福岡県京都郡みやこ町勝山松田2885,チェリーゴルフクラブ小倉南コース,911503
5,福岡県飯塚市大分1931,茜ゴルフクラブ,910101
6,福岡県筑紫野市大字山口1300,皐月ゴルフ倶楽部天拝コース,910104
7,福岡県田川郡大任町大字大行事4320,鷹羽ロイヤルカントリークラブ,913102
8,福岡県筑紫野市大字山家2014-22,筑紫野カントリークラブ,913202
9,福岡県うきは市浮羽町新川4094,浮羽カントリークラブ,910301
10,福岡県築上郡築上町上ノ河内1649,周防灘カントリークラブ,912301
11,福岡県飯塚市八木山1310,皐月ゴルフ倶楽部竜王コース,910105
12,福岡県田川郡川崎町大字安真木1086－7,福岡フェザントカントリークラブ,915303
13,福岡県糸島市志摩野北５７５,志摩シーサイドカンツリークラブ,912201
14,福岡県大牟田市大字岬1523,有明カントリークラブ,910103
15,福岡県宗像市江口578-18,玄海ゴルフクラブ,911401
16,福岡県宮若市乙野1121,SUNGOLF&RESORT ワカミヤコース（旧若宮GC）,919102
17,福岡県筑紫野市大字山家上西山429-9,セントラル福岡ゴルフ倶楽部,913104
18,福岡県鞍手郡小竹町大字勝野1870-1,ミッションバレーゴルフクラブ,916202
19,福岡県京都郡みやこ町勝山大久保4108,勝山御所カントリークラブ,911101
20,福岡県みやま市高田町上楠田1519-2,福岡サンレイクゴルフ倶楽部,915308
21,福岡県宗像市朝町1470-1,福岡国際カントリークラブ,915302
23,福岡県糸島市富838,ザ・クイーンズヒルゴルフクラブ,912103
24,福岡県飯塚市弥山740,ＪＲ内野カントリークラブ,912204
25,福岡県京都郡みやこ町光冨95-1,京都カントリー倶楽部,916201
26,福岡県八女郡広川町長延1243-1,久留米カントリークラブ,911301
27,福岡県北九州市八幡西区樋口町8番1号,瀬板の森北九州ゴルフコース,912402
28,福岡県北九州市小倉南区西貫2丁目1-1,小倉カンツリー倶楽部,911502
29,福岡県糸島市二丈吉井３３６２,二丈カントリークラブ,914202
30,福岡県飯塚市筒野５３４－１,かほゴルフクラブ,911402
31,福岡県八女市上陽町大字北川内2914-1,八女上陽ゴルフ倶楽部,912203
32,福岡県糸島市香力474,伊都ゴルフ倶楽部,910203
33,福岡県糸島市志摩芥屋１の１,芥屋ゴルフ倶楽部,911203
34,福岡県飯塚市椋本611-19,福岡レイクサイドカントリークラブ,915304
195,大分県大分市竹中4391,大分竹中カントリークラブ,950509
196,大分県大分市大字横瀬1473,大分富士見カントリー倶楽部,950507
197,大分県日田市天瀬町桜竹８４１－２１,天瀬温泉カントリークラブ,950101
198,大分県由布市挾間町向原864-1,大分サニーヒルゴルフ倶楽部,950503
199,大分県別府市大字鶴見4550－1,別府扇山ゴルフ倶楽部,955401
200,大分県豊後大野市三重町菅生552,三重カントリークラブ（大分県）,956201
201,大分県日田市大字西有田1900,ローレル日田カントリークラブ,958501
202,大分県中津市大字野依1347,中津カントリークラブ,954101
203,大分県大分市大字月形1122,大分カントリークラブ月形コース,950501
204,大分県大分市大字広内字払川227-1,大分東急ゴルフクラブ,950505
205,大分県臼杵市吉小野2950-1,臼杵カントリークラブ,950301
206,大分県大分市今市541,大分ななせゴルフ倶楽部,950508
207,大分県大分市大字萩尾1063－9,大分カントリークラブ吉野コース,950502
208,大分県大分市大字神崎647-2,白木ゴルフ倶楽部,955404
209,大分県由布市湯布院町大字川北899番地の1,湯布高原ゴルフクラブ,953501
210,高知県高知市重倉945,高知ゴルフ倶楽部,841501
211,高知県四万十市間崎1495－2,四万十カントリークラブ,840101
212,高知県須崎市浦ノ内福良348-2,スカイ・ベイゴルフクラブ,847501
213,高知県高岡郡日高村下分2311-1,錦山カントリークラブ,844201
214,高知県高岡郡日高村大花1000番地,グリーンフィールゴルフ倶楽部,841301
215,高知県香美市土佐山田町楠目3594-1,土佐山田ゴルフ倶楽部,843503
216,高知県南国市才谷字古越778,パシフィックゴルフクラブ,845101
